best_threshold,best_value
0.9507143064099162,0.9852733239068378
